request_id,successful,ttft,request_latency,num_input_tokens,num_output_tokens,decode_speed,submit_time,first_token_time,finish_time,error
doc1_q0,True,0.9509594440460205,25.593653440475464,6013,128,5.194237286659742,1781466475.2034683,1781466476.1544278,1781466500.7971218,
doc3_q0,True,0.9495515823364258,25.594436407089233,6013,128,5.193775540449654,1781466475.2053354,1781466476.154887,1781466500.7997718,
doc0_q0,True,0.9532933235168457,25.598342180252075,6013,128,5.1937409718308984,1781466475.2019298,1781466476.1552231,1781466500.800272,
doc6_q0,True,0.9477765560150146,25.592944383621216,6013,128,5.193715899821191,1781466475.2077715,1781466476.155548,1781466500.800716,
doc2_q0,True,0.9514029026031494,25.59664821624756,6013,128,5.193699570486118,1781466475.2044666,1781466476.1558695,1781466500.8011148,
doc4_q0,True,0.9500172138214111,25.59532618522644,6013,128,5.193686155386135,1781466475.2061586,1781466476.1561759,1781466500.8014848,
doc11_q0,True,1.6604745388031006,26.148667812347412,6014,128,5.227008729071251,1781466475.212083,1781466476.8725576,1781466501.360751,
doc9_q0,True,1.6624271869659424,26.150419235229492,6013,128,5.227051680992216,1781466475.2104924,1781466476.8729196,1781466501.3609116,
doc7_q0,True,1.6643075942993164,26.152072429656982,6013,128,5.227100180869996,1781466475.2089324,1781466476.87324,1781466501.3610048,
doc10_q0,True,1.6624622344970703,26.149808406829834,6014,128,5.2271895492138665,1781466475.2112772,1781466476.8737395,1781466501.3610857,
doc8_q0,True,1.6643257141113281,26.151451110839844,6013,128,5.227236677486889,1781466475.2097201,1781466476.8740458,1781466501.3611712,
doc14_q0,True,1.6598267555236816,26.146740913391113,6014,128,5.227281770776933,1781466475.2145169,1781466476.8743436,1781466501.3612578,
doc15_q0,True,1.6593446731567383,26.146053314208984,6014,128,5.227325643324989,1781466475.2152956,1781466476.8746402,1781466501.3613489,
doc5_q0,True,1.668159008026123,26.154528856277466,6013,128,5.227397968471873,1781466475.2069464,1781466476.8751054,1781466501.3614752,
doc12_q0,True,1.6627881526947021,26.148751497268677,6014,128,5.227484751110047,1781466475.212845,1781466476.8756332,1781466501.3615966,
doc13_q0,True,1.6623377799987793,26.14810824394226,6014,128,5.227525929334607,1781466475.2135904,1781466476.8759282,1781466501.3616986,
doc16_q0,True,0.5580153465270996,24.99320125579834,6014,128,5.23834770380994,1781466500.8019388,1781466501.359954,1781466525.79514,
doc20_q0,True,1.0024735927581787,25.348065614700317,6014,128,5.25762527707835,1781466500.8277657,1781466501.8302393,1781466526.1758313,
doc19_q0,True,1.0105948448181152,25.354214668273926,6014,128,5.258051223617457,1781466500.8221967,1781466501.8327916,1781466526.1764114,
doc21_q0,True,1.0023634433746338,25.343323945999146,6014,128,5.258625681028432,1781466500.8331652,1781466501.8355286,1781466526.176489,
doc18_q0,True,1.0212063789367676,25.359987020492554,6014,128,5.259096660802066,1781466500.8165636,1781466501.83777,1781466526.1765506,
doc17_q0,True,1.029350996017456,25.366076231002808,6014,128,5.259540828278453,1781466500.8105664,1781466501.8399174,1781466526.1766427,
doc29_q0,True,1.5933496952056885,26.1547532081604,6014,128,5.21142857054107,1781466501.3868396,1781466502.9801893,1781466527.5415928,
doc24_q0,True,1.6159164905548096,26.176342964172363,6014,128,5.211635886595687,1781466501.365346,1781466502.9812624,1781466527.541689,
doc31_q0,True,1.581496000289917,26.14238476753235,6014,128,5.211537791365161,1781466501.399371,1781466502.980867,1781466527.5417557,
doc28_q0,True,1.6021738052368164,26.16239047050476,6014,128,5.2116804075679175,1781466501.3794284,1781466502.9816022,1781466527.5418189,
doc26_q0,True,1.61222243309021,26.17245864868164,6014,128,5.211676258990641,1781466501.3696818,1781466502.9819043,1781466527.5421405,
doc25_q0,True,1.6151022911071777,26.1749906539917,6014,128,5.211750074297431,1781466501.367203,1781466502.9823053,1781466527.5421937,
doc27_q0,True,1.6087703704833984,26.16802954673767,6014,128,5.2118835947527264,1781466501.3742123,1781466502.9829826,1781466527.5422418,
doc30_q0,True,1.5895240306854248,26.148533821105957,6014,128,5.211936519115179,1781466501.3937557,1781466502.9832797,1781466527.5422895,
doc22_q0,True,1.6218955516815186,26.180281162261963,6014,128,5.212068986523853,1781466501.3620563,1781466502.9839518,1781466527.5423374,
doc23_q0,True,1.6203863620758057,26.1785306930542,6014,128,5.21212019421748,1781466501.3638592,1781466502.9842455,1781466527.5423899,
doc32_q0,True,0.6359848976135254,25.226171016693115,6014,128,5.205328637211268,1781466525.79538,1781466526.431365,1781466551.0215511,
doc34_q0,True,1.0134482383728027,25.55019450187683,6014,128,5.21666559312256,1781466526.1786191,1781466527.1920674,1781466551.7288136,
doc37_q0,True,1.0113422870635986,25.550960063934326,6014,128,5.216055162873953,1781466526.1823285,1781466527.1936707,1781466551.7332885,
doc33_q0,True,1.0173795223236084,25.556872844696045,6014,128,5.2160816166201585,1781466526.176757,1781466527.1941366,1781466551.73363,
doc36_q0,True,1.0119633674621582,25.558387279510498,6014,128,5.214608875762657,1781466526.180709,1781466527.1926723,1781466551.7390962,
doc35_q0,True,1.0149953365325928,25.559749126434326,6014,128,5.214963698379492,1781466526.1797907,1781466527.194786,1781466551.7395399,
doc39_q0,True,1.2345926761627197,25.84026312828064,6014,128,5.202052927152915,1781466527.543881,1781466528.7784736,1781466553.384144,
doc40_q0,True,1.2343711853027344,25.839412212371826,6014,128,5.20218600160762,1781466527.5448434,1781466528.7792146,1781466553.3842556,
doc42_q0,True,1.231715202331543,25.836480140686035,6014,128,5.202244375050727,1781466527.5478406,1781466528.7795558,1781466553.3843207,
doc44_q0,True,1.2302956581115723,25.83432102203369,6014,128,5.202400749744454,1781466527.5500574,1781466528.780353,1781466553.3843784,
doc41_q0,True,1.2342126369476318,25.838757753372192,6014,128,5.2022908529430465,1781466527.5456798,1781466528.7798924,1781466553.3844376,
doc38_q0,True,1.2381999492645264,25.842017650604248,6014,128,5.202444659351795,1781466527.5424752,1781466528.7806752,1781466553.3844929,
doc43_q0,True,1.2321209907531738,25.835373163223267,6014,128,5.202564242430768,1781466527.549177,1781466528.781298,1781466553.38455,
doc45_q0,True,1.230912685394287,25.833969116210938,6014,128,5.202605633976156,1781466527.5508971,1781466528.7818098,1781466553.3848662,
doc47_q0,True,1.2300076484680176,25.832441329956055,6014,128,5.2027373249790685,1781466527.5524783,1781466528.782486,1781466553.3849196,
doc46_q0,True,1.2292735576629639,25.83325958251953,6014,128,5.202409067810637,1781466527.5517094,1781466528.780983,1781466553.384969,
doc48_q0,True,0.7094066143035889,25.362751245498657,6014,128,5.191993294006664,1781466551.0223377,1781466551.7317443,1781466576.385089,
doc51_q0,True,0.8705542087554932,25.531620502471924,6014,128,5.1903676213957555,1781466551.7461994,1781466552.6167536,1781466577.2778199,
doc50_q0,True,0.8768162727355957,25.53925108909607,6014,128,5.19007960702598,1781466551.740451,1781466552.6172674,1781466577.2797022,
doc53_q0,True,0.8568761348724365,25.519272327423096,6014,128,5.1900877352162045,1781466551.7609904,1781466552.6178665,1781466577.2802627,
doc52_q0,True,0.8644049167633057,25.526965856552124,6014,128,5.190053065150015,1781466551.7537732,1781466552.6181781,1781466577.280739,
doc49_q0,True,0.8842926025390625,25.546931743621826,6014,128,5.190036608319787,1781466551.7341914,1781466552.618484,1781466577.2811232,
doc56_q0,True,0.8547112941741943,25.657784700393677,6014,128,5.160650775153672,1781466553.3873942,1781466554.2421055,1781466579.045179,
doc55_q0,True,0.856874942779541,25.658878087997437,6014,128,5.160873468588356,1781466553.386429,1781466554.243304,1781466579.0453072,
doc54_q0,True,0.8579020500183105,25.660329341888428,6014,128,5.1607852124197775,1781466553.3850574,1781466554.2429595,1781466579.0453868,
doc57_q0,True,0.8554041385650635,25.65722417831421,6014,128,5.160911569991967,1781466553.3882356,1781466554.2436397,1781466579.0454597,
doc58_q0,True,0.8549590110778809,25.656501054763794,6014,128,5.160969417729685,1781466553.3890288,1781466554.2439878,1781466579.0455298,
doc59_q0,True,0.854971170425415,25.655824899673462,6014,128,5.16111265351513,1781466553.3897986,1781466554.2447698,1781466579.0456235,
doc61_q0,True,0.8513185977935791,25.651926279067993,6014,128,5.161163857152009,1781466553.3937693,1781466554.2450879,1781466579.0456955,
doc63_q0,True,0.850151777267456,25.650145530700684,6014,128,5.161291622594869,1781466553.3956206,1781466554.2457724,1781466579.045766,
doc60_q0,True,0.8555200099945068,25.65528440475464,6014,128,5.161339356395045,1781466553.390551,1781466554.246071,1781466579.0458355,
doc62_q0,True,0.8515751361846924,25.651103973388672,6014,128,5.161388381216978,1781466553.3947961,1781466554.2463713,1781466579.0459,
doc64_q0,True,0.696483850479126,26.397327661514282,6014,128,4.980381225656129,1781466576.3859162,1781466577.0824,1781466602.783244,
doc68_q0,True,0.7807705402374268,26.394362688064575,6014,128,4.997346692383345,1781466577.3011785,1781466578.081949,1781466603.6955411,
doc65_q0,True,0.8010830879211426,26.41461730003357,6014,128,4.997357995971906,1781466577.281514,1781466578.082597,1781466603.6961312,
doc69_q0,True,0.7773845195770264,26.389750719070435,6014,128,4.997585892807192,1781466577.306534,1781466578.0839186,1781466603.6962848,
doc67_q0,True,0.7879114151000977,26.40100598335266,6014,128,4.997443774664231,1781466577.2954073,1781466578.0833187,1781466603.6964133,
doc66_q0,True,0.7943100929260254,26.40721893310547,6014,128,4.997480012859923,1781466577.2893128,1781466578.083623,1781466603.6965318,
doc72_q0,True,0.9747905731201172,26.500685453414917,6014,128,5.014515675170786,1781466579.049022,1781466580.0238125,1781466605.5497074,
doc71_q0,True,0.9799702167510986,26.502038717269897,6014,128,5.015267473222168,1781466579.0478072,1781466580.0277774,1781466605.549846,
doc73_q0,True,0.9803776741027832,26.499643325805664,6014,128,5.015818313387033,1781466579.050279,1781466580.0306566,1781466605.5499222,
doc75_q0,True,0.9822969436645508,26.49690842628479,6014,128,5.016733258399393,1781466579.0530832,1781466580.0353801,1781466605.5499916,
doc3_q1,True,0.9795372486114502,26.48772954940796,6014,128,5.017995728219562,1781466579.062332,1781466580.0418692,1781466605.5500615,
doc2_q1,True,0.9860250949859619,26.49024987220764,6014,128,5.018776344628177,1781466579.0598764,1781466580.0459015,1781466605.5501263,
doc1_q1,True,0.9907333850860596,26.492846727371216,6014,128,5.01919187174824,1781466579.0576627,1781466580.048396,1781466605.5505095,
doc0_q1,True,0.9781379699707031,26.49573040008545,6014,128,5.016147207090744,1781466579.0548558,1781466580.0329938,1781466605.5505862,
doc70_q0,True,1.006666898727417,26.504413843154907,6014,128,5.020051390382721,1781466579.0462282,1781466580.052895,1781466605.550642,
doc74_q0,True,0.9990496635437012,26.49906849861145,6014,128,5.019604135506511,1781466579.0516284,1781466580.050678,1781466605.5506968,
doc4_q1,True,0.7214953899383545,25.441664934158325,6014,128,5.177958014043182,1781466602.7834427,1781466603.5049381,1781466628.2251077,
doc7_q1,True,0.6924052238464355,25.443528175354004,6014,128,5.1714825323593505,1781466603.7020595,1781466604.3944647,1781466629.1455877,
doc6_q1,True,0.6956205368041992,25.446093320846558,6014,128,5.1716183814689325,1781466603.6996214,1781466604.395242,1781466629.1457148,
doc8_q1,True,0.6915810108184814,25.440852165222168,6014,128,5.171869474516816,1781466603.7049363,1781466604.3965173,1781466629.1457884,
doc9_q1,True,0.6892673969268799,25.437463521957397,6014,128,5.172094133783747,1781466603.7083886,1781466604.397656,1781466629.145852,
doc5_q1,True,0.7003912925720215,25.44920539855957,6014,128,5.171964985951897,1781466603.6967092,1781466604.3971004,1781466629.1459146,
doc15_q1,True,0.7225358486175537,25.631924390792847,6015,128,5.138624731124049,1781466605.5560076,1781466606.2785435,1781466631.187932,
doc10_q1,True,0.7284302711486816,25.637263298034668,6015,128,5.138739332422355,1781466605.550813,1781466606.2792432,1781466631.1880763,
doc11_q1,True,0.7271924018859863,25.635770559310913,6015,128,5.1387919130118975,1781466605.5523791,1781466606.2795715,1781466631.1881497,
doc13_q1,True,0.7255465984344482,25.633864402770996,6015,128,5.138845626006713,1781466605.5543501,1781466606.2798967,1781466631.1882145,
doc12_q1,True,0.7278487682342529,25.634851455688477,6015,128,5.1391169626554145,1781466605.5534267,1781466606.2812755,1781466631.1882782,
doc14_q1,True,0.7255911827087402,25.633161544799805,6015,128,5.13899983576134,1781466605.5551782,1781466606.2807693,1781466631.1883397,
doc16_q1,True,1.0887880325317383,25.79662036895752,6015,128,5.180543491518463,1781466605.5643249,1781466606.653113,1781466631.3609452,
doc17_q1,True,1.0840528011322021,25.789780139923096,6015,128,5.180984888432123,1781466605.5712943,1781466606.655347,1781466631.3610744,
doc19_q1,True,1.0607571601867676,25.778664350509644,6015,128,5.17843193658856,1781466605.5826662,1781466606.6434233,1781466631.3613305,
doc18_q1,True,1.0806159973144531,25.784319400787354,6015,128,5.181409358323395,1781466605.57708,1781466606.657696,1781466631.3613994,
doc20_q1,True,0.7457444667816162,25.45169758796692,6015,128,5.180937540525011,1781466628.2252712,1781466628.9710157,1781466653.6769688,
doc21_q1,True,0.69805908203125,25.46802282333374,6015,128,5.167548945038114,1781466629.146161,1781466629.8442202,1781466654.614184,
doc22_q1,True,0.6970396041870117,25.478504419326782,6015,128,5.165150686403364,1781466629.1478655,1781466629.8449051,1781466654.62637,
doc23_q1,True,0.6967594623565674,25.47805666923523,6015,128,5.165185620891163,1781466629.148889,1781466629.8456485,1781466654.6269457,
doc25_q1,True,0.6953189373016357,25.4767062664032,6015,128,5.165166836712389,1781466629.1506286,1781466629.8459475,1781466654.6273348,
doc24_q1,True,0.6964492797851562,25.48554754257202,6015,128,5.163560152252583,1781466629.14979,1781466629.8462393,1781466654.6353376,
doc31_q1,True,0.6141483783721924,25.417389631271362,6015,128,5.160615852375281,1781466631.1937807,1781466631.807929,1781466656.6111703,
doc28_q1,True,0.6174347400665283,25.425931692123413,6015,128,5.159522571938299,1781466631.1912432,1781466631.808678,1781466656.6171749,
doc27_q1,True,0.6187732219696045,25.427040576934814,6015,128,5.159570322607864,1781466631.1902409,1781466631.809014,1781466656.6172814,
doc26_q1,True,0.6207108497619629,25.42873740196228,6015,128,5.159620404737401,1781466631.188621,1781466631.809332,1781466656.6173584,
doc30_q1,True,0.6172819137573242,25.424468278884888,6015,128,5.159795154356345,1781466631.1929681,1781466631.81025,1781466656.6174364,
doc29_q1,True,0.6186625957489014,25.425360918045044,6015,128,5.159896667302727,1781466631.1921399,1781466631.8108025,1781466656.6175008,
doc34_q1,True,0.7968611717224121,25.38977313041687,6015,128,5.204751686786221,1781466631.3650367,1781466632.161898,1781466656.7548099,
doc35_q1,True,0.7961564064025879,25.38890504837036,6015,128,5.204786250755506,1781466631.3660355,1781466632.1621919,1781466656.7549405,
doc32_q1,True,0.7987573146820068,25.393516302108765,6015,128,5.204360817905786,1781466631.3615053,1781466632.1602626,1781466656.7550216,
doc33_q1,True,0.7992799282073975,25.391870975494385,6015,128,5.204819604159633,1781466631.3632107,1781466632.1624906,1781466656.7550817,
doc36_q1,True,0.7224571704864502,25.38605546951294,6015,128,5.189834769772923,1781466653.6772094,1781466654.3996665,1781466679.0632648,
doc40_q1,True,0.8455691337585449,25.50265097618103,6015,128,5.191206356778851,1781466654.6480765,1781466655.4936457,1781466680.1507275,
doc41_q1,True,0.851109504699707,25.49382710456848,6015,128,5.194232311483439,1781466654.657093,1781466655.5082026,1781466680.1509202,
doc38_q1,True,0.8623397350311279,25.51515555381775,6015,128,5.192104664265488,1781466654.6363149,1781466655.4986546,1781466680.1514704,
doc39_q1,True,0.8611209392547607,25.509415864944458,6015,128,5.193056979636832,1781466654.6422257,1781466655.5033467,1781466680.1516416,
doc37_q1,True,0.8778443336486816,25.523640871047974,6015,128,5.193583409071955,1781466654.6281328,1781466655.5059772,1781466680.1517737,
doc43_q1,True,0.5500760078430176,25.39934730529785,6015,128,5.1510564824132405,1781466656.617911,1781466657.167987,1781466682.0172584,
doc42_q1,True,0.5530509948730469,25.402568340301514,6015,128,5.151005479128471,1781466656.615304,1781466657.168355,1781466682.0178723,
doc44_q1,True,0.8913590908050537,25.56655502319336,6015,128,5.187395486168726,1781466656.6190116,1781466657.5103707,1781466682.1855667,
doc45_q1,True,0.8914439678192139,25.56784462928772,6015,128,5.187142231803212,1781466656.6199567,1781466657.5114007,1781466682.1878014,
doc46_q1,True,0.892017126083374,25.56707262992859,6015,128,5.187425008225543,1781466656.6208162,1781466657.5128334,1781466682.1878889,
doc47_q1,True,0.8907124996185303,25.566316843032837,6015,128,5.187309628514206,1781466656.6216438,1781466657.5123563,1781466682.1879606,
doc48_q1,True,0.7578117847442627,25.434765815734863,6015,128,5.18702591248705,1781466656.7553265,1781466657.5131383,1781466682.1900923,
doc49_q1,True,0.7565760612487793,25.433308601379395,6015,128,5.187072469656977,1781466656.7568638,1781466657.51344,1781466682.1901724,
doc50_q1,True,0.7558763027191162,25.43238139152527,6015,128,5.18712028058073,1781466656.7578583,1781466657.5137346,1781466682.1902397,
doc51_q1,True,0.7554571628570557,25.43156147003174,6015,128,5.18720452817925,1781466656.758741,1781466657.514198,1781466682.1903024,
doc52_q1,True,0.7219288349151611,25.558629035949707,6015,128,5.1536636897790595,1781466679.0640242,1781466679.785953,1781466704.6226532,
doc56_q1,True,0.6831121444702148,25.58008313179016,6015,128,5.141187659542622,1781466680.1603937,1781466680.8435059,1781466705.7404768,
doc55_q1,True,0.6865720748901367,25.58931255340576,6015,128,5.139996544172703,1781466680.1574488,1781466680.8440208,1781466705.7467613,
doc54_q1,True,0.6903941631317139,25.592888593673706,6015,128,5.14004732967685,1781466680.1543493,1781466680.8447435,1781466705.747238,
doc57_q1,True,0.6806607246398926,25.582998514175415,6015,128,5.140079661668883,1781466680.1646776,1781466680.8453383,1781466705.7476761,
doc53_q1,True,0.6931178569793701,25.596117734909058,6015,128,5.139943003952714,1781466680.1519237,1781466680.8450415,1781466705.7480414,
doc59_q1,True,0.5370526313781738,25.636406421661377,6015,128,5.099732888324522,1781466682.0253718,1781466682.5624244,1781466707.6617782,
doc58_q1,True,0.5412075519561768,25.643691778182983,6015,128,5.099096919908308,1781466682.0187366,1781466682.5599442,1781466707.6624284,
doc61_q1,True,0.6200010776519775,25.661654710769653,6015,128,5.111483525621469,1781466682.190533,1781466682.810534,1781466707.8521876,
doc60_q1,True,0.624657392501831,25.664470672607422,6015,128,5.11185920470491,1781466682.188248,1781466682.8129053,1781466707.8527186,
doc67_q1,True,1.0238428115844727,25.830434560775757,6015,128,5.159918835048064,1781466682.1966035,1781466683.2204463,1781466708.027038,
doc66_q1,True,1.0323567390441895,25.83201003074646,6015,128,5.161362479322547,1781466682.1957805,1781466683.2281373,1781466708.0277905,
doc62_q1,True,1.042511224746704,25.83993911743164,6015,128,5.161825676192775,1781466682.191752,1781466683.2342632,1781466708.031691,
doc64_q1,True,1.0439188480377197,25.83828830718994,6015,128,5.162462397395308,1781466682.193965,1781466683.2378838,1781466708.0322533,
doc65_q1,True,1.0468087196350098,25.837862491607666,6015,128,5.163152852530596,1781466682.1948948,1781466683.2417035,1781466708.0327573,
doc63_q1,True,1.0526318550109863,25.840511322021484,6015,128,5.163814039452292,1781466682.1926603,1781466683.2452922,1781466708.0331717,
doc68_q1,True,0.7195644378662109,26.5882670879364,6015,128,4.948064142662086,1781466704.6229837,1781466705.3425481,1781466731.2112508,
doc69_q1,True,0.5633182525634766,26.560361862182617,6015,128,4.923636776630972,1781466705.7484148,1781466706.311733,1781466732.3087766,
doc73_q1,True,0.9361722469329834,26.760252952575684,6015,128,4.956614001443673,1781466705.7749667,1781466706.711139,1781466732.5352197,
doc72_q1,True,0.9456939697265625,26.768096208572388,6015,128,4.956936183398295,1781466705.769043,1781466706.714737,1781466732.5371392,
doc71_q1,True,0.9567375183105469,26.774643421173096,6015,128,4.957799462186747,1781466705.763029,1781466706.7197666,1781466732.5376725,
doc70_q1,True,0.9670743942260742,26.781822204589844,6015,128,4.9584059832888325,1781466705.7562761,1781466706.7233505,1781466732.5380983,
doc74_q1,True,0.5798945426940918,26.690460443496704,6015,128,4.902230020072656,1781466707.673227,1781466708.2531216,1781466734.3636875,
doc75_q1,True,0.5758681297302246,26.684133768081665,6015,128,4.902661929866986,1781466707.6797955,1781466708.2556636,1781466734.3639293,
doc0_q2,True,0.6223440170288086,26.717984199523926,6014,128,4.905033910065255,1781466707.8534613,1781466708.4758053,1781466734.5714455,
doc1_q2,True,0.6165425777435303,26.713040590286255,6014,128,4.9048726744285585,1781466707.8598194,1781466708.476362,1781466734.57286,
doc6_q2,True,0.9472346305847168,27.005038738250732,6014,128,4.912156046270351,1781466708.0594068,1781466709.0066414,1781466735.0644455,
doc7_q2,True,0.9485831260681152,27.008289575576782,6014,128,4.911797462032168,1781466708.0654466,1781466709.0140297,1781466735.0737362,
doc4_q2,True,0.972999095916748,27.02638077735901,6014,128,4.912989859246333,1781466708.0478451,1781466709.0208442,1781466735.074226,
doc5_q2,True,0.9706854820251465,27.020895957946777,6014,128,4.913587938888678,1781466708.0537622,1781466709.0244477,1781466735.0746582,
doc2_q2,True,0.9946720600128174,27.04939556121826,6014,128,4.912736839985194,1781466708.033645,1781466709.028317,1781466735.0830405,
doc3_q2,True,0.9920542240142822,27.043508052825928,6014,128,4.913353428991291,1781466708.0400007,1781466709.032055,1781466735.0835087,
doc8_q2,True,0.7205283641815186,25.870242834091187,6014,128,5.089521002441017,1781466731.2114336,1781466731.931962,1781466757.0816765,
doc9_q2,True,0.638577938079834,25.88981342315674,6014,128,5.069058901123712,1781466732.3089802,1781466732.9475582,1781466758.1987936,
doc10_q2,True,0.7167637348175049,25.849038124084473,6015,128,5.09305278214947,1781466732.5385268,1781466733.2552905,1781466758.387565,
doc11_q2,True,0.7136335372924805,25.841010093688965,6015,128,5.094045520936646,1781466732.5467236,1781466733.2603571,1781466758.3877337,
doc13_q2,True,1.0320391654968262,26.01332950592041,6015,128,5.123834608049699,1781466732.5589397,1781466733.5909789,1781466758.5722692,
doc12_q2,True,1.0398378372192383,26.01949954032898,6015,128,5.124168674552752,1781466732.5529048,1781466733.5927427,1781466758.5724044,
doc14_q2,True,0.6845593452453613,25.889044284820557,6015,128,5.078461246356156,1781466734.364289,1781466735.0488484,1781466760.2533333,
doc15_q2,True,0.6835982799530029,25.88495182991028,6015,128,5.079092269637914,1781466734.3684843,1781466735.0520825,1781466760.253436,
doc16_q2,True,0.736356258392334,25.86583709716797,6015,128,5.093618957797635,1781466734.5733225,1781466735.3096788,1781466760.4391596,
doc17_q2,True,0.7307963371276855,25.858237743377686,6015,128,5.094032374030819,1781466734.581038,1781466735.3118343,1781466760.4392757,
doc21_q2,True,0.6576783657073975,25.82804298400879,6015,128,5.085345482318961,1781466735.09677,1781466735.7544484,1781466760.924813,
doc20_q2,True,0.6691131591796875,25.834807634353638,6015,128,5.086289199222079,1781466735.0903475,1781466735.7594607,1781466760.9251552,
doc18_q2,True,0.6875684261322021,25.849610090255737,6015,128,5.087027583397756,1781466735.0756335,1781466735.763202,1781466760.9252436,
doc23_q2,True,0.9655556678771973,26.099908590316772,6015,128,5.092631602452097,1781466735.1107543,1781466736.07631,1781466761.2106628,
doc19_q2,True,0.9937145709991455,26.126317501068115,6015,128,5.092986204260568,1781466735.084457,1781466736.0781715,1781466761.2107744,
doc22_q2,True,0.9758303165435791,26.10556936264038,6015,128,5.0935666210143635,1781466735.1052735,1781466736.0811038,1781466761.2108428,
doc24_q2,True,0.74745774269104,25.921254634857178,6015,128,5.084652130479072,1781466757.0818942,1781466757.829352,1781466783.0031488,
doc25_q2,True,0.6327855587005615,25.958457469940186,6015,128,5.05416008106751,1781466758.1990483,1781466758.8318338,1781466784.1575058,
doc27_q2,True,0.749704122543335,25.957693099975586,6015,128,5.077755314578783,1781466758.3896391,1781466759.1393433,1781466784.3473322,
doc26_q2,True,0.7520618438720703,25.959505796432495,6015,128,5.077865103692852,1781466758.3879578,1781466759.1400197,1781466784.3474636,
doc28_q2,True,0.9150714874267578,25.96821165084839,6015,128,5.109139978663594,1781466758.572632,1781466759.4877036,1781466784.5408437,
doc29_q2,True,0.9148547649383545,25.967841386795044,6015,128,5.109171290912295,1781466758.5743117,1781466759.4891665,1781466784.5421531,
doc30_q2,True,0.6680030822753906,25.953069925308228,6015,128,5.062276512639305,1781466760.2536192,1781466760.9216223,1781466786.2066891,
doc31_q2,True,0.666881799697876,25.951871633529663,6015,128,5.062291930556112,1781466760.2550795,1781466760.9219613,1781466786.2069511,
doc32_q2,True,0.77052903175354,25.9539475440979,6015,128,5.082709479543343,1781466760.4394698,1781466761.2099988,1781466786.3934174,
doc33_q2,True,0.7693543434143066,25.95284938812256,6015,128,5.082694033245252,1781466760.4409554,1781466761.2103097,1781466786.3938048,
doc36_q2,True,0.7367076873779297,25.947571277618408,6015,128,5.077176334790483,1781466760.9284632,1781466761.665171,1781466786.8760345,
doc35_q2,True,0.7385702133178711,25.948954343795776,6015,128,5.077272894277535,1781466760.9274082,1781466761.6659784,1781466786.8763626,
doc34_q2,True,0.7411134243011475,25.951080799102783,6015,128,5.077356828630452,1781466760.9253633,1781466761.6664767,1781466786.876444,
doc38_q2,True,0.8028767108917236,25.978734254837036,6015,128,5.084235950118945,1781466761.21265,1781466762.0155268,1781466787.1913843,
doc39_q2,True,0.8031339645385742,25.982728242874146,6015,128,5.083481432825576,1781466761.2136168,1781466762.0167508,1781466787.196345,
doc37_q2,True,0.8069882392883301,25.98538565635681,6015,128,5.083723077356328,1781466761.2110572,1781466762.0180454,1781466787.1964428,
doc40_q2,True,0.7795524597167969,25.956395387649536,6015,128,5.084036960725879,1781466783.00397,1781466783.7835224,1781466808.9603653,
doc41_q2,True,0.6213297843933105,25.9059579372406,6015,128,5.062364343514618,1781466784.1577425,1781466784.7790723,1781466810.0637004,
doc42_q2,True,0.7646543979644775,25.933505535125732,6015,128,5.0856512799271485,1781466784.347694,1781466785.1123483,1781466810.2811995,
doc43_q2,True,0.768136739730835,25.932570219039917,6015,128,5.086544074407447,1781466784.3492436,1781466785.1173804,1781466810.2818139,
doc45_q2,True,0.8868851661682129,25.906107902526855,6015,128,5.116066208323361,1781466784.550146,1781466785.4370313,1781466810.456254,
doc44_q2,True,0.8976485729217529,25.92346501350403,6015,128,5.114718247211032,1781466784.5427084,1781466785.440357,1781466810.4661734,
doc46_q2,True,0.6639742851257324,26.26906132698059,6015,128,4.999006634531931,1781466786.2090013,1781466786.8729756,1781466812.4780626,
doc47_q2,True,0.6612465381622314,26.268474817276,6015,128,4.998588625243821,1781466786.2120585,1781466786.873305,1781466812.4805334,
doc48_q2,True,0.7993419170379639,26.33001685142517,6015,128,5.013576818041622,1781466786.3943598,1781466787.1937017,1781466812.7243767,
doc49_q2,True,0.7946152687072754,26.32511591911316,6015,128,5.013611043227429,1781466786.3993971,1781466787.1940124,1781466812.724513,
doc51_q2,True,0.7936689853668213,26.527195930480957,6015,128,4.974055840577367,1781466786.8785112,1781466787.6721802,1781466813.4057071,
doc52_q2,True,0.7933006286621094,26.52627444267273,6015,128,4.974162758068362,1781466786.879571,1781466787.6728716,1781466813.4058454,
doc50_q2,True,0.7967977523803711,26.52936053276062,6015,128,4.974242211801515,1781466786.8765585,1781466787.6733563,1781466813.405919,
doc55_q2,True,0.8225357532501221,26.591331005096436,6015,128,4.9672481289488655,1781466787.198098,1781466788.0206337,1781466813.789429,
doc53_q2,True,0.8340816497802734,26.60031509399414,6015,128,4.967741997569459,1781466787.1945488,1781466788.0286305,1781466813.794864,
doc54_q2,True,0.8409650325775146,26.59799838066101,6015,128,4.969516414029261,1781466787.1969712,1781466788.0379362,1781466813.7949696,
doc56_q2,True,0.7135388851165771,32.20880961418152,6015,128,4.064102229858818,1781466808.9606266,1781466809.6741655,1781466841.1694362,
doc57_q2,True,0.6602320671081543,32.18857192993164,6015,128,4.059839514446832,1781466810.0639317,1781466810.7241638,1781466842.2525036,
doc58_q2,True,0.7520010471343994,32.17252779006958,6015,128,4.073770024520052,1781466810.2825515,1781466811.0345526,1781466842.4550793,
doc59_q2,True,0.746368408203125,32.1667377948761,6015,128,4.073790426356079,1781466810.2889953,1781466811.0353637,1781466842.455733,
doc61_q2,True,1.0209546089172363,32.16364097595215,6015,128,4.1101142814542255,1781466810.4740088,1781466811.4949634,1781466842.6376498,
doc60_q2,True,1.0297729969024658,32.173526763916016,6015,128,4.109973414173774,1781466810.4666567,1781466811.4964297,1781466842.6401834,
doc63_q2,True,0.9202132225036621,31.740001440048218,6015,128,4.153175845872113,1781466812.4825618,1781466813.402775,1781466844.2225633,
doc62_q2,True,0.9217467308044434,31.741997957229614,6015,128,4.153113453217191,1781466812.4806752,1781466813.402422,1781466844.2226732,
doc64_q2,True,1.067373514175415,31.668435096740723,6015,128,4.182861423112422,1781466812.7247553,1781466813.7921288,1781466844.3931904,
doc65_q2,True,1.0660789012908936,31.666918754577637,6015,128,4.182891731523895,1781466812.7263718,1781466813.7924507,1781466844.3932905,
doc68_q2,True,0.9332010746002197,31.295355081558228,6015,128,4.215774676943758,1781466813.4089441,1781466814.3421452,1781466844.7042992,
doc66_q2,True,0.9367275238037109,31.298236846923828,6015,128,4.215864192974383,1781466813.406161,1781466814.3428886,1781466844.704398,
doc67_q2,True,0.935499906539917,31.296586990356445,6015,128,4.215922824062129,1781466813.4079437,1781466814.3434436,1781466844.7045307,
doc71_q2,True,1.0498077869415283,31.045485258102417,6015,128,4.267281514913761,1781466813.7966704,1781466814.8464782,1781466844.8421557,
doc70_q2,True,1.0520308017730713,31.04672408103943,6015,128,4.267421533811089,1781466813.7955232,1781466814.847554,1781466844.8422472,
doc69_q2,True,1.0558879375457764,31.049293279647827,6015,128,4.267604779785545,1781466813.793012,1781466814.8488998,1781466844.8423052,
doc72_q2,True,0.696763277053833,17.580799102783203,6015,128,7.581125823302412,1781466841.1702514,1781466841.8670146,1781466858.7510505,
doc73_q2,True,0.6530718803405762,17.097383975982666,6015,128,7.78384643003226,1781466842.2528381,1781466842.90591,1781466859.350222,
doc75_q2,True,0.7649741172790527,16.99832797050476,6015,128,7.885000299834239,1781466842.4633222,1781466843.2282963,1781466859.4616501,
doc74_q2,True,0.7721090316772461,17.00523352622986,6015,128,7.885111707419805,1781466842.4569225,1781466843.2290316,1781466859.462156,
